{"cameraMode":{"drawMode":0,"name":"Shaded","section":"Shading Mode"},"sceneLighting":true,"audioPlay":false,"sceneViewState":{"showFog":true,"showMaterialUpdate":false,"showSkybox":false,"showFlares":true,"showImageEffects":true,"showParticleSystems":true},"in2DMode":false,"pivot":{"x":334.1878662109375,"y":4.464943885803223,"z":174.2717742919922},"rotation":{"x":0.17474669218063355,"y":-0.8159111738204956,"z":0.31552818417549136,"w":0.45189765095710757},"size":2.9041056632995607,"orthographic":false}